"","continuous","alpha","xmin","logLik","KS.stat","KS.p"
"1",FALSE,3.36799950391923,9,-278.795263881888,0.0499409226972573,0.959397408303711
