"","continuous","alpha","xmin","logLik","KS.stat","KS.p"
"1",FALSE,3.53169956028988,13,-599.024099943376,0.0452244598685883,0.807972062069869
