"","continuous","alpha","xmin","logLik","KS.stat","KS.p"
"1",FALSE,5.94991716414023,32,-103.836087963061,0.0389045460901269,0.999999999571626
