"","continuous","alpha","xmin","logLik","KS.stat","KS.p"
"1",FALSE,2.85198493744095,7,-599.838258026971,0.0537928635990539,0.565560172265142
